{
    "name": "root",
    "gauges": {
        "PaddleCatchBall.Policy.Entropy.mean": {
            "value": 0.24852974712848663,
            "min": 0.06837055087089539,
            "max": 1.0845526456832886,
            "count": 403
        },
        "PaddleCatchBall.Policy.Entropy.sum": {
            "value": 2028.002685546875,
            "min": 108.81243133544922,
            "max": 24985.2421875,
            "count": 403
        },
        "PaddleCatchBall.Environment.EpisodeLength.mean": {
            "value": 3188.0,
            "min": 36.73106060606061,
            "max": 6820.0,
            "count": 371
        },
        "PaddleCatchBall.Environment.EpisodeLength.sum": {
            "value": 12752.0,
            "min": 144.0,
            "max": 52134.0,
            "count": 371
        },
        "PaddleCatchBall.Self-play.ELO.mean": {
            "value": 1560.5668836089585,
            "min": 1196.423935562689,
            "max": 1562.050441020117,
            "count": 371
        },
        "PaddleCatchBall.Self-play.ELO.sum": {
            "value": 3121.133767217917,
            "min": 1534.5163039248353,
            "max": 325994.1489390342,
            "count": 371
        },
        "PaddleCatchBall.Step.mean": {
            "value": 4109311.0,
            "min": 9974.0,
            "max": 4109311.0,
            "count": 411
        },
        "PaddleCatchBall.Step.sum": {
            "value": 4109311.0,
            "min": 9974.0,
            "max": 4109311.0,
            "count": 411
        },
        "PaddleCatchBall.Policy.ExtrinsicValueEstimate.mean": {
            "value": 2.916935920715332,
            "min": 0.17958082258701324,
            "max": 2.916935920715332,
            "count": 411
        },
        "PaddleCatchBall.Policy.ExtrinsicValueEstimate.sum": {
            "value": 29.16935920715332,
            "min": 18.516658782958984,
            "max": 110.66276550292969,
            "count": 411
        },
        "PaddleCatchBall.Environment.CumulativeReward.mean": {
            "value": 71.0,
            "min": 0.1659919028340081,
            "max": 194.0,
            "count": 372
        },
        "PaddleCatchBall.Environment.CumulativeReward.sum": {
            "value": 142.0,
            "min": 3.0,
            "max": 583.0,
            "count": 372
        },
        "PaddleCatchBall.Policy.ExtrinsicReward.mean": {
            "value": 71.0,
            "min": 0.1659919028340081,
            "max": 194.0,
            "count": 372
        },
        "PaddleCatchBall.Policy.ExtrinsicReward.sum": {
            "value": 142.0,
            "min": 3.0,
            "max": 583.0,
            "count": 372
        },
        "PaddleCatchBall.IsTraining.mean": {
            "value": 1.0,
            "min": 1.0,
            "max": 1.0,
            "count": 411
        },
        "PaddleCatchBall.IsTraining.sum": {
            "value": 1.0,
            "min": 1.0,
            "max": 1.0,
            "count": 411
        },
        "PaddleCatchBall.Losses.PolicyLoss.mean": {
            "value": 0.031040867585467084,
            "min": 0.026675376427611187,
            "max": 0.042702396772801875,
            "count": 335
        },
        "PaddleCatchBall.Losses.PolicyLoss.sum": {
            "value": 0.031040867585467084,
            "min": 0.026675376427611187,
            "max": 0.042702396772801875,
            "count": 335
        },
        "PaddleCatchBall.Losses.ValueLoss.mean": {
            "value": 0.013857820015844135,
            "min": 0.006821711595240299,
            "max": 3.020875545342763,
            "count": 335
        },
        "PaddleCatchBall.Losses.ValueLoss.sum": {
            "value": 0.013857820015844135,
            "min": 0.006821711595240299,
            "max": 3.020875545342763,
            "count": 335
        },
        "PaddleCatchBall.Policy.LearningRate.mean": {
            "value": 0.00030000000000000003,
            "min": 0.0002999999999999999,
            "max": 0.0003000000000000002,
            "count": 335
        },
        "PaddleCatchBall.Policy.LearningRate.sum": {
            "value": 0.00030000000000000003,
            "min": 0.0002999999999999999,
            "max": 0.0003000000000000002,
            "count": 335
        },
        "PaddleCatchBall.Policy.Epsilon.mean": {
            "value": 0.19999999999999996,
            "min": 0.1999999999999999,
            "max": 0.2,
            "count": 335
        },
        "PaddleCatchBall.Policy.Epsilon.sum": {
            "value": 0.19999999999999996,
            "min": 0.1999999999999999,
            "max": 0.2,
            "count": 335
        },
        "PaddleCatchBall.Policy.Beta.mean": {
            "value": 0.005,
            "min": 0.004999999999999999,
            "max": 0.005000000000000001,
            "count": 335
        },
        "PaddleCatchBall.Policy.Beta.sum": {
            "value": 0.005,
            "min": 0.004999999999999999,
            "max": 0.005000000000000001,
            "count": 335
        }
    },
    "metadata": {
        "timer_format_version": "0.1.0",
        "start_time_seconds": "1625905210",
        "python_version": "3.9.5 (tags/v3.9.5:0a7dcbd, May  3 2021, 17:27:52) [MSC v.1928 64 bit (AMD64)]",
        "command_line_arguments": "E:\\UnityProject\\PingPong\\venv\\Scripts\\mlagents-learn config/PaddleCatchBall.yaml --run-id=PaddleCatchBall_v6",
        "mlagents_version": "0.27.0",
        "mlagents_envs_version": "0.27.0",
        "communication_protocol_version": "1.5.0",
        "pytorch_version": "1.7.1+cu110",
        "numpy_version": "1.19.5",
        "end_time_seconds": "1625912793"
    },
    "total": 7583.2933312,
    "count": 1,
    "self": 0.01055519999954413,
    "children": {
        "run_training.setup": {
            "total": 0.1682612000000001,
            "count": 1,
            "self": 0.1682612000000001
        },
        "TrainerController.start_learning": {
            "total": 7583.1145148,
            "count": 1,
            "self": 8.553932200046802,
            "children": {
                "TrainerController._reset_env": {
                    "total": 43.3229573999997,
                    "count": 41,
                    "self": 43.3229573999997
                },
                "TrainerController.advance": {
                    "total": 7531.145978499953,
                    "count": 284383,
                    "self": 8.627175200010242,
                    "children": {
                        "env_step": {
                            "total": 5799.97610519989,
                            "count": 284383,
                            "self": 3808.836521299575,
                            "children": {
                                "SubprocessEnvManager._take_step": {
                                    "total": 1985.8674688001483,
                                    "count": 284383,
                                    "self": 49.58984629981978,
                                    "children": {
                                        "TorchPolicy.evaluate": {
                                            "total": 1936.2776225003286,
                                            "count": 548302,
                                            "self": 502.0633007004303,
                                            "children": {
                                                "TorchPolicy.sample_actions": {
                                                    "total": 1434.2143217998982,
                                                    "count": 548302,
                                                    "self": 1434.2143217998982
                                                }
                                            }
                                        }
                                    }
                                },
                                "workers": {
                                    "total": 5.272115100166943,