{"count":1,"self":544.4001792,"total":5010.9039937,"children":{"InitializeActuators":{"count":32,"self":0.0029844,"total":0.0029844,"children":null},"InitializeSensors":{"count":32,"self":0.0029446999999999997,"total":0.0029446999999999997,"children":null},"AgentSendState":{"count":996667,"self":27.964441599999997,"total":182.1738987,"children":{"CollectObservations":{"count":6379392,"self":17.321528,"total":17.3215274,"children":null},"WriteActionMask":{"count":6379392,"self":5.442748,"total":5.4427480999999993,"children":null},"RequestDecision":{"count":6379392,"self":22.7694928,"total":131.44518259999998,"children":{"AgentInfo.ToProto":{"count":6379392,"self":22.828903999999998,"total":108.6756891,"children":{"GenerateSensorData":{"count":6379392,"self":85.846784,"total":85.8467845,"children":null}}}}}}},"DecideAction":{"count":996667,"self":4257.9279872,"total":4257.9278008,"children":null},"AgentAct":{"count":996667,"self":26.3804032,"total":26.3804028,"children":null},"AgentInfo.ToProto":{"count":510,"self":0.0039166,"total":0.014272799999999999,"children":{"GenerateSensorData":{"count":510,"self":0.0103562,"total":0.0103562,"children":null}}}},"gauges":{"PaddleCatchBall.CumulativeReward":{"count":510,"max":2778,"min":0,"runningAverage":311.327332,"value":287,"weightedAverage":727.9518}},"metadata":{"timer_format_version":"0.1.0","start_time_seconds":"1625831024","unity_version":"2020.1.5f1","command_line_arguments":"C:\\Program Files\\Unity\\Hub\\Editor\\2020.1.5f1\\Editor\\Unity.exe -projectpath E:\/UnityProject\/PingPong -useHub -hubIPC -cloudEnvironment production -hubSessionId 585e9db0-e0aa-11eb-b533-9d45bdb68817 -accessToken A-Q0vzbLR0Z5mV1wsH6TUh3IWKjvoHeBvJhY99LVquQ011f","communication_protocol_version":"1.5.0","com.unity.ml-agents_version":"2.1.0-exp.1","scene_name":"TrainingScene","end_time_seconds":"1625836035"}}